,feature,VIF
142,uquxiqibu,inf
694,valized,inf
607,slist,inf
606,auiterator,inf
105,retj,inf
104,chsifnegret,inf
620,setcw,inf
605,satisfies,inf
619,cwdefault,inf
669,interprocess,inf
618,iocp,inf
587,wantenna,inf
688,abcdefghijklmnopqrstuvw,inf
689,apphelp,inf
692,updation,inf
693,reignalid,inf
88,resutils,inf
110,loadperf,inf
710,setnewh,inf
586,abstrea,inf
609,pbdi,inf
747,ferred,inf
748,statuse,inf
749,avrandomized,inf
750,reciec,inf
751,avcprocessor,inf
752,paramters,inf
753,surprise,inf
754,storages,inf
755,anmp,inf
147,doras,inf
757,hunked,inf
149,ifmon,inf
111,gexyqyfa,inf
759,writed,inf
129,termmgr,inf
148,ynalu,inf
144,uwumavuluty,inf
143,arqtx,inf
141,apeke,inf
139,cowuw,inf
138,qin,inf
137,ntprint,inf
625,imming,inf
626,oves,inf
134,dssec,inf
133,puqoxoj,inf
132,vibohurafylivu,inf
131,axow,inf
130,jubu,inf
128,futoba,inf
112,adyqy,inf
127,ujib,inf
126,rasman,inf
125,tuhidepoqa,inf
124,ykutyxu,inf
123,anawodiri,inf
122,inefanitoh,inf
121,tode,inf
120,vsqrtsd,inf
119,jogoxisat,inf
118,uxoca,inf
117,wupu,inf
115,bivem,inf
114,ufosilu,inf
113,gywumewo,inf
758,routers,inf
756,missmatch,inf
146,duser,inf
33,remloop,inf
569,displacement,inf
208,avsp,inf
209,avsm,inf
170,rap,inf
345,zerotoxdone,inf
554,vtordisp,inf
553,adjustor,inf
346,expret,inf
552,ecsu,inf
35,lpx,inf
889,peace,inf
890,argumentcnt,inf
613,alternates,inf
551,cointerface,inf
909,sio,inf
550,coclass,inf
984,places,inf
348,tranzeronpop,inf
612,harvester,inf
914,haveoverflow,inf
969,avinterproce,inf
915,haveunderflow,inf
615,avdersequenc,inf
614,computational,inf
571,callsig,inf
608,quotemeta,inf
344,tranzeropop,inf
770,yapaxi,inf
760,avtrapdoorfu,inf
761,declining,inf
762,forwardingrequest,inf
763,storrage,inf
610,resynchronization,inf
764,anilize,inf
765,trys,inf
766,finishing,inf
767,presnose,inf
768,avinvertible,inf
769,missamtch,inf
771,iscall,inf
772,yaxpax,inf
574,vcall,inf
573,udt,inf
611,pqcs,inf
617,precomputation,inf
342,tranindfpop,inf
572,vbtable,inf
203,elepe,inf
204,rlrpr,inf
343,tranindfnpop,inf
616,rflow,inf
11,endp,730991.877264041
10,proc,729947.0839652135
575,guard,156898.31019613016
157,segment,129563.59114124124
576,managed,114970.48277697005
156,para,101236.14969346466
189,multithread,90688.34849326502
556,constructor,70063.72814364279
265,informa,65873.27111370023
580,closure,52072.477234469545
174,flat,49906.157262346125
243,unusual,43033.29974023094
172,mmx,38882.10616668556
158,ends,35851.53017958808
173,model,33680.205390548756
311,onstructor,27876.12644258961
188,pure,25343.268539470446
190,lowio,23860.09443215995
305,indicates,19085.90996810056
567,typeof,15007.013280620913
519,safely,10832.704810568819
582,vbase,10164.753291886876
647,abnormal,10140.86878541811
515,progra,10116.747570085285
676,uni,8406.442996033817
678,include,8400.82178783652
169,assume,5721.065733924084
464,lstrcat,4889.001333247781
145,atmlib,4563.879683026581
45,pseudo,4549.897276143957
151,pdv,4525.721259773818
583,volatile,3441.0194557254877
304,most,3299.0039517272617
635,versi,3195.447013348621
655,terms,2958.9825316454157
433,rosoft,2864.792638318019
667,lstrcpy,2275.0248853399617
588,vftable,2052.1584287342926
46,developers,2021.2927816636916
312,incorrectly,1779.8455781673745
492,execution,1591.676205197861
12,dword,1571.3530507590851
21,ptr,1501.4679498350924
47,relocation,1446.3389492672093
51,fxam,1423.4280451728152
529,destructor,1421.8230370398555
497,continue,1418.0874515702583
500,overrun,1405.532369137826
809,allowedprogram,1323.9572881718013
851,netsh,1300.7417483370066
566,scalar,1292.9449750612007
506,fely,1274.713164083093
264,team,1172.3283195106128
167,enough,1093.3355271054404
235,way,1004.6778576858277
570,placement,984.601626344983
563,iterator,928.4713835130786
335,nothing,858.9745330991433
300,bug,774.9278518205331
274,pushf,672.5406291621467
178,popf,639.86941804875
19,mov,631.6948619807356
795,indx,614.4972948662361
650,asio,592.9702449028849
577,deleting,572.9151329146567
836,dawn,566.2221845498232
457,vtordispex,561.7375494578444
465,deadlock,541.2691005893674
182,stdio,528.3189820188479
186,cs,489.2499482167666
742,avcaccessibl,443.5235490139571
520,avcmemoryexc,413.60903145132613
270,virtual,388.6917708029889
706,auiaccessibl,361.2728774466924
824,avcinvalidar,336.7576739674767
38,fstsw,331.0009516833791
62,fucom,318.7690465436173
192,mmmm,311.313496133649
473,permitted,310.10496969996217
294,fstp,308.5525805751459
378,fld,292.6211806324962
327,lstrcmpi,275.31872980257316
13,near,273.3431841144812
220,qqrpxc,263.8514748115329
176,space,261.9216346154825
8,cmp,238.78012786664448
496,such,228.74553260144987
314,esult,226.9291364168476
216,arguments,210.11184035621466
561,under,195.14045532733314
309,likely,188.03119105455977
256,contact,170.69163906449901
16,eax,165.60117031262803
555,delete,163.78228947650393
998,firewall,154.44311699425606
3,jz,153.71845622062648
7,call,153.44721367896017
494,bsf,152.0165783338853
40,setbe,150.15951945524938
441,static,144.8293382328101
25,esp,143.85776813880608
217,runtime,141.99091576495766
4,test,138.872435603019
397,cause,135.26381522778362
27,ebp,128.79202049906016
275,initialization,127.1804035538535
803,breaks,125.53620055538948
589,gs,122.41438819299816
5,jnz,120.73541355006579
307,clr,119.37015293957647
68,extrn,117.66804009582015
221,avoided,114.04331359712879
2,pop,113.69260980442013
298,once,111.67989373156526
516,local,110.61419914125025
310,made,110.48194955717196
638,later,107.34591518650154
680,comisd,106.93584650235302
181,console,102.70989239785624
562,dynamic,101.02526529411615
388,st,100.50048405849375
14,push,98.51407924294257
102,evenexp,98.33989182609805
853,tbdiag,97.62891758004729
9,retn,97.54468582496403
164,environment,96.55410143558395
198,heap,95.4701111215958
161,unexpected,93.56696981736008
422,terminated,91.16706915420032
955,unpacked,90.3954751013506
528,player,89.39200606869484
594,template,81.85877985492971
74,rva,81.06700299872688
29,add,80.33462623712228
279,attempt,79.16366305985083
475,ellipsis,78.18589271084934
323,has,76.41584662559055
69,gmtime,76.10763266050631
246,lvpvivdv,74.73038012469132
37,edi,73.89917758874034
254,cdc,73.43157461627862
822,obj,71.99375412207033
429,arpl,71.80855080687697
93,ecx,71.19570691163896
897,pmuludq,71.16288357532237
36,byte,70.54517470451664
781,tmp,69.66010200328476
632,avcnotsuppor,66.868217928568
179,fldcw,65.21790935549078
414,more,63.33240455291122
674,aucthreaddat,61.73575680618355
23,esi,59.80785842256981
291,compiled,59.11628999698679
788,protocol,57.42528237760571
17,dw,55.65718878801944
708,eh,55.40886729652664
239,unable,54.39262940180303
624,outsd,54.09060401864926
278,been,53.74366644736782
936,address,53.356721912039035
358,which,53.2205710348549
28,sub,52.877846218957174
745,compatible,52.86454800042158
241,edx,52.18891920498501
0,mhhh,50.95248646869323
372,fnstsw,50.03579737737293
99,ebx,49.21773708879107
34,fucompp,48.7571232067349
83,start,47.694098822390465
603,operator,47.2310347328511
26,lea,46.187895936529614
468,termination,45.490465388502436
263,fmul,45.29302386530496
252,floating,44.98237510640279
839,modify,42.8315400533546
349,eeee,41.95257066263232
228,fnstcw,40.836079860361025
656,avcmapptrtop,40.34161242241328
15,short,40.230273958583034
87,dll,39.83227851587073
863,avcarchiveex,39.47344860311762
964,hlp,38.92123435520942
808,punpckhqdq,38.21382301521325
893,than,37.885211880076675
155,pptl,36.12090101499023
976,avcsimpleexc,35.72313199789597
394,an,35.097582783784375
894,nums,35.04461148641144
1,retf,34.84360041023152
77,strpbrk,34.76713130896054
79,sysexit,34.75608806453238
974,vfprintf,33.97365341880439
308,fsubp,33.81904669397962
6,jmp,33.43573339386642
873,movapd,32.88055366977447
318,assembly,32.6838382162718
591,tbyte,32.252229551586815
509,bound,31.880469746825547
411,your,31.847694516912494
80,fs,31.462119441279587
540,copy,30.511894376130897
63,inc,30.3124935508816
686,aas,30.21620638294465
281,tion,30.177015345054265
505,link,30.030045879353384
334,detected,29.98681911775346
404,now,29.67464590099462
885,rand,29.51707969471328
226,locks,29.508066894893155
96,ffreep,29.472401171780493
940,strcpy,29.4325473148544
393,corrupted,29.40106206404567
451,fadd,29.23446915604322
780,auxdata,28.873245924874187
55,large,28.398789083878402
375,fl,28.26915957588163
261,program,27.968620341879433
287,support,27.90064481550615
828,inetcfg,27.64334404819442
992,daa,27.562763363733314
532,for,27.063785290657933
739,fucomp,27.019160464974004
511,faddp,26.776574615485274
820,insd,26.544524003690654
53,toupper,26.43770757241584
796,atlmfc,26.371775415986555
743,avcoleexcept,26.369450993316008
668,avcresourcee,26.002881726216405
695,the,25.77037629895505
585,pdb,25.741378687162317
854,xor,25.627248113026276
548,srand,24.94069892819406
535,bottom,24.59063402753107
154,align,24.17217312926365
447,top,23.97572281732934
71,jle,23.536808405115526
699,sp,23.073212645650756
691,control,23.063880584014804
324,ss,22.834114477347264
531,vector,22.401591631413833
230,public,21.95015804004124
804,dbg,21.793428575837304
720,is,21.71393679490915
214,exception,21.623182777092065
328,of,21.4022793688079
651,typeid,21.37142264305176
899,outsb,21.35653920069125
95,fist,21.23857888644308
48,mul,20.577802940049175
800,getenv,20.198711698035716
258,insufficient,20.19851152721755
65,memchr,19.957406678694497
61,imul,19.882309553135713
724,stmxcsr,19.620246742985685
353,dl,19.4673163327282
435,fmulp,19.38630012003173
366,dec,18.939985882053534
487,to,18.892314783571592
410,too,18.859132102620492
728,ffree,18.83570929612825
341,internal,18.685877078332236
786,name,18.35058594503675
296,right,18.29038982589808
165,cl,17.950245326346046
472,avs,17.830605612343803
377,lpdtp,17.769772238596687
978,expired,17.396828935535083
631,avcmenu,17.373671264208856
247,word,17.30874426539376
971,application,17.262887471982992
934,abort,17.122673036908026
920,bad,17.101887203352398
187,localeconv,16.910353356058156
225,hhhh,16.773023830087507
700,get,16.628884717414905
82,js,16.214397220235416
972,required,16.209949673088293
973,fldz,15.93941862326976
521,failed,15.894197780436247
493,pb,15.811890349345132
153,bsr,15.75036581596534
413,insb,15.6754262356163
924,number,15.628888362974125
590,avctestcmdui,15.525477323749282
370,dt,15.444114369018639
301,repe,15.431918948065507
199,std,15.426885187871347
482,bytes,15.130433836237131
454,strlen,14.937563954327668
785,fabs,14.919912199929115
193,on,14.804605882954949
719,length,14.753255552459459
783,setb,14.670170201281204
276,nop,14.48076666525361
224,bit,14.42192367598751
215,hard,14.413052458991432
544,error,14.380969427456103
255,code,14.275186425361586
835,record,14.149287038343644
938,input,13.783437073047802
382,fsubrp,13.781076840040736
236,malloc,13.726110895409558
86,al,13.638120774772627
244,bl,13.627251345886217
364,active,13.613790460997993
196,fstcw,13.533416028493123
43,leave,13.321398975422596
867,point,13.32077768261603
460,what,13.222734697900341
951,bctr,13.192827889675709
56,jge,13.030470722912426
359,cmpsd,13.01838056885785
357,avbaselp,12.751102544797492
109,fsetpos,12.725115180753669
642,unknown,12.668899533000884
365,table,12.654396196349733
932,write,12.634360478429118
507,function,12.336125812510517
841,chm,12.262135039956123
713,fild,12.221550770701038
813,shr,12.080341296792783
368,dictionary,11.713950889015683
597,free,11.700588162885694
212,movzx,11.482507524145534
201,dddd,11.47823580770585
732,lf,11.428904210440356
945,key,11.359110099357009
627,fsubr,11.338916633567994
347,long,11.252738564241863
666,file,11.243571356098041
773,ht,11.19244686903226
549,asin,11.175439314793609
92,ax,11.115650682115422
483,setnbe,10.780813364874719
152,offset,10.723027643432193
166,and,10.607674820362867
253,dh,10.52459802435101
568,aec,10.51332195386501
260,in,10.496591234281915
107,stosd,10.480411200249629
910,set,10.450164834265204
213,strspn,10.443688814667
336,data,10.424591968392226
363,ldmxcsr,10.347187332722786
916,pvarg,10.343137119879277
67,jl,10.225757369862732
268,version,10.201107636182792
842,quantified,10.198524932469093
431,int,10.072507132574778
91,movsd,10.06490113292314
831,option,9.925560686797766
479,left,9.844803059394808
902,mismatch,9.756636207818914
840,child,9.677123717091192
712,si,9.673822043259873
698,neg,9.661973999863612
525,acos,9.535348449637496
477,found,9.49417995720782
380,fcompp,9.491929135098905
876,jp,9.479512515644233
59,aad,9.359441925598846
329,hdc,9.354920905718227
461,frexp,9.280678495642471
643,no,9.274351882275008
681,does,9.257692278056314
641,with,9.235581465125552
870,have,9.084048837229064
913,will,9.009143969270399
340,state,8.987325018676595
849,reason,8.927360490500027
944,shfolder,8.923504214756676
921,ppbc,8.689770822983514
466,line,8.638597018080146
106,cld,8.480821752030417
508,wait,8.474162118421498
498,stosb,8.44681326514567
227,out,8.384619784635955
160,feof,8.15005030737127
670,output,8.087784123882285
645,custom,8.08770143238729
60,sti,8.085837859131749
736,build,7.93795633510111
31,lodsb,7.885105307417715
805,di,7.838905011512834
280,at,7.747550331992406
995,allocation,7.683933599454325
877,wctomb,7.649815924991298
229,memcpy,7.484380131666289
846,fgetwc,7.451683241222485
476,fmod,7.388320080104802
194,ja,7.340608269805995
81,ds,7.3046538324135595
367,jno,7.224577591982335
718,avcgdiobject,7.2024461127061254
727,are,7.142273383575011
332,ah,7.10089461938286
150,idiv,7.068718563151641
356,sal,7.004050827182216
533,need,6.991861138281012
997,first,6.944139665665555
811,time,6.943042780249454
906,ungetc,6.901864252073987
491,cdq,6.860798047587658
649,rc,6.859826677645473
705,isdigit,6.741554140828549
449,yd,6.722623457843388
775,one,6.696157036067957
202,bx,6.687022475027409
958,append,6.571810011823168
644,qqrpvi,6.483139620915303
578,libpng,6.468141474123853
245,setnz,6.438394325342688
988,getc,6.383623036977537
257,fdivp,6.336501900303104
989,from,6.32481367803382
991,localtime,6.313853696641163
32,registration,6.211326749187651
22,far,6.174611049052321
832,new,6.165662117896419
784,msvcrt,6.141386307426619
73,loopne,6.008261087870564
560,change,6.00388058757065
78,div,5.969772483386685
866,movsw,5.924903052516942
210,jecxz,5.9233071200752185
426,ppv,5.845792301970377
450,shld,5.811361025047912
514,url,5.7948183645937625
709,movsb,5.793360677198771
697,allowed,5.765786686782008
734,before,5.756060337776836
30,setalc,5.732021902323409
937,riid,5.7266599930499344
663,fldpi,5.70870307213899
636,allocator,5.698647541594634
865,center,5.66463900833266
993,lppt,5.650672922050398
673,xn,5.650407308988202
891,full,5.600343673478472
740,asctime,5.593503349599122
834,tolower,5.521214942121599
321,es,5.515033481190953
398,mode,5.499376440942467
675,page,5.4737717315122
850,plpal,5.446274692721227
723,cmpnlepd,5.43179541068444
844,container,5.387688520875235
917,exist,5.3345855023957265
49,lodsd,5.322521811517956
486,should,5.3116466538132485
94,scasd,5.264252314213736
665,strtok,5.2112651549370606
75,sahf,5.189628250336764
100,cwde,5.187264187532461
981,isspace,5.158815407698067
282,fwprintf,5.145877192628277
470,stosw,5.1197526040561
24,aam,5.102905288319599
963,fsqrt,5.075109619794376
474,cpuid,5.062851182828336
313,com,5.05038663879944
502,hh,5.027814451393141
598,tm,4.990191508106846
815,iswctype,4.989987955251944
381,like,4.966282188794102
374,fistp,4.887076079492359
376,jnb,4.869327467692609
250,mntepascvbpuiesz,4.863131800051834
50,avvavvavvavvavvavvavvavvavvavvavvavvavvavvavvavvavvavvavvavvavvav,4.851461735554195
242,movsx,4.840368001553417
827,strncmp,4.832619994123684
219,dlm,4.8289250184011845
373,hhctrl,4.820261840726318
503,fwscanf,4.802811712640582
601,exe,4.793077399197699
418,cannot,4.7863925779731815
20,bss,4.784249708534312
478,iswpunct,4.774123519537934
664,plugin,4.698409581116142
791,was,4.69806313875856
928,jb,4.681979612069931
233,explorer,4.642722377603709
677,false,4.626095687863864
185,ferror,4.60707226302624
177,icebp,4.584952733328002
847,rcr,4.58202029863208
904,all,4.559161509957188
797,unsupported,4.519904049826245
662,verb,4.516339958432494
453,strchr,4.508035162067941
970,avexception,4.4853270860617815
798,nmutila,4.458163428041247
537,reserved,4.435404197451248
852,initialize,4.419841957527039
72,cli,4.4132296635905295
526,using,4.408391038157207
792,iswgraph,4.380830302336654
855,getwc,4.334281798523824
630,there,4.3222078386301215
351,fldenv,4.32178447322806
90,enter,4.321490599598576
919,demux,4.320084481512862
929,per,4.317432014312302
319,sbb,4.302445198809876
707,src,4.29578111454033
868,value,4.225729072168089
523,index,4.225511981521584
943,pc,4.197199806985422
369,cb,4.182126635056933
524,rol,4.180486023518494
175,les,4.175623926959005
76,into,4.170565835024901
777,bin,4.119684988545297
593,putwc,4.106052799763146
272,rep,4.079398941631765
428,ascvbpuiesz,4.065995884554143
887,strcoll,4.063217965596185
484,getwchar,4.054366008431275
884,common,4.023570999056317
905,tmpnam,3.9724481888849428
101,iret,3.9618805910040424
848,http,3.9437292888146738
180,setz,3.9429057979786797
903,cx,3.883800664158117
84,lahf,3.865283641655992
427,lods,3.8620065913743273
925,qrc,3.8592018592611868
85,lds,3.7722582002212293
735,clearerr,3.745865493935141
703,vwprintf,3.7234481984366927
333,adc,3.7106241380639076
657,vf,3.7083525350595563
64,fword,3.7022025810170227
892,ke,3.6955277701954747
968,kb,3.6948926271628735
684,strxfrm,3.6921878765233687
543,ror,3.6605261427655944
628,ch,3.6582773501682695
918,xml,3.6575139917594095
557,both,3.6550084530627456
725,gets,3.5947136417019983
97,vavvavvavvavvavvavvavvavvavvavvavvavvavvavvavvavvavvavvavvavvavva,3.593268115861988
604,register,3.58877006057775
954,iswupper,3.5702281765617463
354,fgetc,3.5583062655653723
423,mblen,3.4969031577172593
419,entry,3.496426051850605
987,hnt,3.4747203972297536
744,ho,3.4722133904229557
838,cy,3.4647291767269786
726,mp,3.4631190957830325
671,memmove,3.4566926463015073
975,ini,3.455197194288132
949,track,3.410904752287653
778,jy,3.4067512362818624
637,ww,3.390989752556756
54,cmpsw,3.382424288034172
41,loope,3.3773118378096902
547,terminate,3.316177892097874
195,loop,3.31477764795236
271,mu,3.3061702264607176
52,hlt,3.253207120972211
392,uh,3.248794666397495
501,ma,3.24685400177654
522,xe,3.2426802509117287
802,qn,3.2274224640000044
862,rcl,3.2263906376792213
489,qv,3.2167600563050414
371,yj,3.180514435659621
409,source,3.1696354675310134
789,drv,3.148111521089044
277,gp,3.124216969439558
858,mo,3.118971776352009
438,wcslen,3.117139156789846
541,hw,3.1059808060787977
539,yp,3.1011671003682113
922,bm,3.099728109989799
564,size,3.09504724298001
584,gq,3.0715025573361117
350,wcsxfrm,3.0607162437365374
652,kq,3.0553209355498763
696,dat,3.044938235345533
600,ek,3.021081225535167
883,sum,3.01828930650058
306,wy,3.0130231344104788
558,pptlib,3.006163244244079
416,oh,2.999459873013554
729,lpsz,2.995602500296733
856,wa,2.991265114645388
599,mj,2.9860519825707437
596,gm,2.976197653942935
432,psz,2.9679116789523867
406,yf,2.9511891847586504
70,vvavvavvavvavvavvavvavvavvavvavvavvavvavvavvavvavvavvavvavvavvavv,2.9482574112913897
816,nc,2.944525942000378
389,mw,2.943694491007151
875,lc,2.936024116461133
672,nw,2.935560735502282
801,bpuiesz,2.925541666393494
240,qo,2.924646785880608
872,noerror,2.9224910086127016
819,ntepascvbpuiesz,2.9215874483814477
168,ue,2.913092368652733
942,yb,2.8982028038445176
395,od,2.891702667310721
810,ry,2.888759137113178
446,rv,2.8769256251731607
701,na,2.8717801448414972
361,gy,2.8716389268827704
682,je,2.869560186926675
481,qh,2.8647070818844225
633,jw,2.8614587047866946
538,gv,2.860019525527992
499,so,2.850978477688667
814,du,2.848797220957103
337,yk,2.8450451406692423
722,deviate,2.843567932372448
530,wl,2.839342703317375
44,bxxvepoxisebnmqz,2.83801096997928
339,ow,2.836740791606058
171,gk,2.834684347218402
746,oi,2.834480304494208
774,ftp,2.8341681339288587
222,wh,2.8213591240336453
967,aj,2.8063159545099996
18,dd,2.804049936731845
825,cv,2.7992872323955456
799,iy,2.7909043646933718
654,ck,2.786132644875475
653,lcid,2.7855632508799206
518,dg,2.7815101805070457
979,ji,2.7786774029496604
352,gf,2.7750746132971704
738,rk,2.774847542057954
950,ln,2.7701319440265033
965,wcscmp,2.7673548562182466
417,ez,2.7643084263828124
440,fidiv,2.763388687970306
888,parsing,2.761344065472777
360,mh,2.7507466505215126
495,bw,2.7493783943340033
330,kc,2.746646808188184
939,setnle,2.744791198544828
581,ic,2.7395907466186276
286,pv,2.7395896249873597
957,chromaticity,2.7356846389617933
455,sh,2.7337061840319956
293,ik,2.7244782328787984
452,aq,2.7140593766184784
826,vl,2.713940776050677
898,pj,2.708362874231356
42,fisttp,2.6983552437999174
163,gn,2.6855561601197286
259,ub,2.682807710875161
730,ptlib,2.6781667121017687
790,yc,2.667059120975718
930,ge,2.6661000987412193
458,gd,2.664736464930976
733,mz,2.6615859460803577
923,me,2.6502764257103144
456,su,2.6497292908641104
302,aw,2.6435491016479706
316,uw,2.6396532853032064
471,mixcrt,2.638387877737705
317,qp,2.6368141005011365
812,mii,2.6340235476302065
534,wj,2.6323353700757592
721,sd,2.6321150500219304
623,ql,2.63176537430732
845,unused,2.630622488012314
443,hq,2.6297135230771693
424,wg,2.6205996542800123
882,kf,2.618121643964253
386,qj,2.615243984203463
197,yx,2.614989426924011
401,ku,2.609336949325797
206,fisubr,2.608393131042034
977,hc,2.6078957137456427
716,ak,2.604652767156027
485,nm,2.6039250475493003
237,wn,2.603033722666573
953,ey,2.6025527385847576
400,ep,2.60092440759501
412,fimul,2.5957289444536125
238,fseek,2.5955875800445143
191,fbld,2.595009452952812
436,fg,2.592208331180204
289,ks,2.5738618695555098
439,qm,2.5709551990545148
39,retfw,2.569755182099822
634,proxy,2.569003566705725
248,ao,2.5686335950138575
223,uq,2.565651509767269
911,zp,2.564710450665746
690,md,2.560765529683801
960,kj,2.5560716530518115
871,uc,2.548390621554497
303,og,2.5436985061775697
285,qw,2.5432418661136666
251,iw,2.5348152951927085
183,qy,2.5288676848470213
869,gi,2.527361318781308
273,yi,2.519096784562887
704,sm,2.5188599059759818
941,eo,2.518539022546535
687,kd,2.517287999356609
559,fq,2.5153444305220827
685,va,2.51052726050945
793,xj,2.509159809095191
896,zf,2.508611012522873
207,ay,2.5061033604837637
444,xc,2.4966108677668712
648,hz,2.491340795406628
512,oe,2.4870704139780635
391,ce,2.4778022167372806
266,uu,2.4745096792265575
430,eb,2.4736615783003266
565,yl,2.4724248332813787
948,qi,2.4566394054618224
415,yu,2.453891826166639
408,gz,2.4496340689795
661,gh,2.448508675834042
362,xw,2.441556024340718
469,ih,2.441255355088579
325,jc,2.4367448673600376
990,vh,2.435040911082438
715,vu,2.4285040997910747
162,stos,2.426233201126434
283,oj,2.420682941646194
442,setnl,2.4194805747314314
714,mg,2.4145799283920626
232,fidivr,2.4144460771639378
218,ag,2.40534997030613
108,ll,2.4043391806908607
267,fiadd,2.3968420302800753
639,wq,2.39670924968006
445,ou,2.3965598694385717
994,mf,2.3953564972163552
299,wu,2.3918676864865116
880,uj,2.3867333912324002
480,ij,2.386632569421401
326,wz,2.381109604460255
513,hv,2.3785774412799237
504,yq,2.37554615840474
284,gc,2.3744862760694954
806,pw,2.3686744745416575
462,qr,2.368229442787997
658,ad,2.366515534153362
843,qg,2.364862036523474
290,qe,2.3599926182177775
640,cg,2.359602532248979
536,tu,2.3517815504818524
421,tc,2.3503414408628203
985,vw,2.3495927624245363
66,ficom,2.346489611144368
390,xa,2.3300165026219566
830,zy,2.3207221954447825
933,sx,2.3186386966406043
621,cq,2.3097605917247552
103,lll,2.3097004035754445
659,ki,2.3050057644707533
999,bk,2.3044724269433927
912,zr,2.3026230746493104
592,zn,2.3004490917924727
629,mq,2.3001918310626346
881,vg,2.2987618506850134
425,fcmovnb,2.2985353878844386
861,rh,2.2951742744418264
962,wv,2.288735881425043
579,yr,2.2793392515098825
517,ew,2.2781085721281755
385,kv,2.2726155268470585
996,ej,2.2677685922475477
900,mb,2.2568292476085006
931,pg,2.2511741443199407
860,gw,2.248951194758796
961,changed,2.2383404131537104
89,fisub,2.2353494820820985
679,rguid,2.23252835371482
837,xv,2.2210143087170717
779,bc,2.2164611282228512
959,fcmovne,2.2062031475791017
297,fnstenv,2.202287846485929
231,oy,2.196307778426715
58,retnw,2.1961008272765015
320,frstor,2.1958723041423545
794,pz,2.188507456937101
315,wf,2.183109967640487
200,fbstp,2.1786935538005654
717,zg,2.1785510346892627
776,zo,2.1712842965867267
646,kp,2.167424726611174
817,xo,2.166486160408639
833,wcschr,2.1664059422179505
886,nk,2.1632126422262465
420,ov,2.1628876927210423
205,ficomp,2.160016802624247
463,yv,2.1359729940973584
702,ul,2.125042547179756
711,wr,2.116390323292478
878,scas,2.113477475406101
966,vt,2.0952218660511073
982,zs,2.0922745753481617
399,uo,2.079850769263837
731,wwww,2.077081825492819
383,qq,2.059290334253712
622,xi,2.0468230716243734
98,kluzksghetriytre,2.0380329586817836
384,ud,2.0323025205185483
338,zc,2.0247175862376974
379,avvavvavvavvavvavvavvavvavvavvavvavvavvavvavvavvavvavvavvavvavv,2.014483983442292
510,av,1.9994092464403097
331,nv,1.9961577654481402
437,rg,1.9900038494539551
407,msisip,1.989922455476491
660,jk,1.961957044264145
295,ftell,1.9585874657153957
874,xlat,1.9540307211968468
448,dwhkl,1.887393884582742
467,hwinsta,1.8776508394084062
355,avvavvavvavvavvavvavvavvavvavvavvavvavvavvavvavvavvavvavvavv,1.8584583494764515
234,mssha,1.8460166654009529
184,lstrlen,1.8444495736784756
249,cmps,1.8119967369401322
947,manager,1.7929567448655583
57,db,1.7788052388457762
857,avvavvavvavvavvavvavvavvavvavvavvavvavvavvavvavvavvavvavvavvav,1.7506142790037824
859,xfe,1.7493197456228742
159,samlib,1.748465937971812
927,avvavvavvavvavvavvavvavvavvavvavvavvavvavvavvavvavvavv,1.7479457001507983
829,rzbexv,1.7317466821799745
737,avvavvavvavvavvavvavvavvavvavvavvavvavvavvavvavvavvavvavvav,1.7018842719186555
459,fnsave,1.6985428944573973
818,ozhjkawemsisip,1.695497207062495
396,avvavvavvavvavvavvavvavvavvavvavvavvavvavvavvavvavvavvavvavvavva,1.6762022498804239
926,avvavvavvavvavvavvavvavvavvavvavvavvavvavvavvavvavvavvavva,1.654361662738878
322,lopcvenbertyvsda,1.647036817987804
864,auiunknown,1.6353925508544775
956,gheakspuozhjkawemsisip,1.6271880272086419
488,rewind,1.603899763560446
262,unimdmat,1.5986057137827419
527,dit,1.5950052623048199
952,kawemsisip,1.5795445214807518
402,fcmove,1.5770592578113396
387,movs,1.5712450594540166
292,cound,1.489352433794156
787,nvu,1.468757839201771
602,lkw,1.4522143986763312
490,perfproc,1.4267303151379835
683,initor,1.4210755959806736
211,qcap,1.417658203604047
983,qasf,1.4074181188955224
545,maxima,1.398469660285673
807,wcsncat,1.3924012561940986
403,grprxy,1.3885629016168903
405,leep,1.3564901637075832
895,volument,1.3107940301711927
288,bh,1.307953303883908
782,samplex,1.284669304975236
908,standards,1.2737234004687723
821,upnp,1.258374865227445
542,lnbsgewasrfiopqekkdnasdnajfdsnfj,1.2443332546728212
907,pstorec,1.2380038939419844
269,pti,1.2271656010083767
595,anter,1.2256730268597815
901,inished,1.192291266245254
741,nbstebszjahwlksq,1.166846451626131
980,lgs,1.1628039906170247
879,cream,1.153635175053309
935,smallow,1.1173060992314057
434,vmread,1.1140416001983737
946,vdivsd,1.1115993076480053
823,connel,1.0930771951948306
986,verate,1.073170898727201
546,findow,1.0353729521612476
135,daf,1.0267104854300069
116,zipfldr,1.0037036572384324
136,winipsec,1.0016494436530397
140,shoensvc,1.000809188468018
